government_employee,age,highest_education,employment_type,len_employment,size_of_company,investments,investments_value,property_owned_value,reported_monthly_income,total_existing_debt,housing_status,credit_history,loan_amount,loan_term,monthly_payment,stability_income,total_stable_income_monthly,core_net_worth,ratio_income_debt,ratio_debt_net_worth,ratio_payment_to_income,defaulted,loan_approved,age_young,age_prime,age_senior,age_old
yes,32,master,permanent,8,500,yes,150000,3000000,75000,1500000,mortgage,good,4481950,10,47538.03360257746,50,75000,3150000,20.0,0.47619047619047616,0.6338404480343661,30,1.0,0,1,0,0
no,25,bachelor,temporary,2,50,no,0,0,25000,50000,rent,fair,626225,20,4132.807827909522,50,25000,0,2.0,50000.0,0.16531231311638087,0,1.0,0,1,0,0
yes,45,phd,permanent,20,1000,yes,500000,5000000,120000,2000000,own,excellent,4934301,15,39020.1378322444,50,120000,5500000,16.666666666666668,0.36363636363636365,0.3251678152687033,0,1.0,0,0,1,0
no,22,high_school,unemployed,0,0,no,0,0,0,10000,rent,bad,0,10,0.0,50,0,0,10000.0,10000.0,0.0,70,0.2,1,0,0,0
yes,38,master,permanent,15,800,yes,300000,4000000,95000,1800000,own,good,5118283,30,27476.049870954437,50,95000,4300000,18.94736842105263,0.4186046511627907,0.2892215775889941,0,1.0,0,1,0,0
no,55,bachelor,freelancer,25,10,yes,200000,2000000,60000,500000,mortgage,fair,1804647,30,9687.735315039889,50,60000,2200000,8.333333333333334,0.22727272727272727,0.16146225525066482,0,1.0,0,0,0,1
yes,29,bachelor,permanent,5,200,no,50000,1500000,55000,800000,mortgage,good,2204834,10,23385.685422663184,50,55000,1550000,14.545454545454545,0.5161290322580645,0.42519428041205787,30,1.0,0,1,0,0
no,60,basic,temporary,35,20,no,100000,1000000,30000,200000,own,fair,782489,10,8299.509895390896,50,30000,1100000,6.666666666666667,0.18181818181818182,0.27665032984636323,0,1.0,0,0,0,1
